{
	"textures": [
		{
			"image": "runsamus.png",
			"format": "RGBA8888",
			"size": {
				"w": 224,
				"h": 37
			},
			"scale": 1,
			"frames": [
				{
					"filename": "s0.png",
					"rotated": false,
					"trimmed": false,
					"sourceSize": {
						"w": 28,
						"h": 36
					},
					"spriteSourceSize": {
						"x": 0,
						"y": 0,
						"w": 28,
						"h": 36
					},
					"frame": {
						"x": 1,
						"y": 1,
						"w": 28,
						"h": 36
					},
					"anchor": {
						"x": 0,
						"y": 0
					}
				},
				{
					"filename": "s1.png",
					"rotated": false,
					"trimmed": false,
					"sourceSize": {
						"w": 28,
						"h": 36
					},
					"spriteSourceSize": {
						"x": 28,
						"y": 0,
						"w": 28,
						"h": 36
					},
					"frame": {
						"x": 28,
						"y": 1,
						"w": 28,
						"h": 36
					},
					"anchor": {
						"x": 0,
						"y": 0
					}
				},
				{
					"filename": "s2.png",
					"rotated": false,
					"trimmed": false,
					"sourceSize": {
						"w": 28,
						"h": 36
					},
					"spriteSourceSize": {
						"x": 56,
						"y": 0,
						"w": 28,
						"h": 36
					},
					"frame": {
						"x": 56,
						"y": 1,
						"w": 28,
						"h": 36
					},
					"anchor": {
						"x": 0,
						"y": 0
					}
				},
				{
					"filename": "s3.png",
					"rotated": false,
					"trimmed": false,
					"sourceSize": {
						"w": 28,
						"h": 36
					},
					"spriteSourceSize": {
						"x": 84,
						"y": 0,
						"w": 28,
						"h": 36
					},
					"frame": {
						"x": 84,
						"y": 1,
						"w": 28,
						"h": 36
					},
					"anchor": {
						"x": 0,
						"y": 0
					}
				},
				{
					"filename": "s4.png",
					"rotated": false,
					"trimmed": false,
					"sourceSize": {
						"w": 28,
						"h": 36
					},
					"spriteSourceSize": {
						"x": 112,
						"y": 0,
						"w": 28,
						"h": 36
					},
					"frame": {
						"x": 112,
						"y": 1,
						"w": 28,
						"h": 36
					},
					"anchor": {
						"x": 0,
						"y": 0
					}
				},
				{
					"filename": "s5.png",
					"rotated": false,
					"trimmed": false,
					"sourceSize": {
						"w": 28,
						"h": 36
					},
					"spriteSourceSize": {
						"x": 140,
						"y": 0,
						"w": 28,
						"h": 36
					},
					"frame": {
						"x": 140,
						"y": 1,
						"w": 28,
						"h": 36
					},
					"anchor": {
						"x": 0,
						"y": 0
					}
				},
				{
					"filename": "s6.png",
					"rotated": false,
					"trimmed": false,
					"sourceSize": {
						"w": 28,
						"h": 36
					},
					"spriteSourceSize": {
						"x": 168,
						"y": 0,
						"w": 28,
						"h": 36
					},
					"frame": {
						"x": 168,
						"y": 1,
						"w": 28,
						"h": 36
					},
					"anchor": {
						"x": 0,
						"y": 0
					}
				},
				{
					"filename": "s7.png",
					"rotated": false,
					"trimmed": false,
					"sourceSize": {
						"w": 28,
						"h": 36
					},
					"spriteSourceSize": {
						"x": 196,
						"y": 0,
						"w": 28,
						"h": 36
					},
					"frame": {
						"x": 196,
						"y": 1,
						"w": 28,
						"h": 36
					},
					"anchor": {
						"x": 0,
						"y": 0
					}
				}
			]
		}
	],
	"meta": {
		"app": "https://www.codeandweb.com/texturepacker",
		"version": "3.0",
		"smartupdate": "$TexturePacker:SmartUpdate:ee78cacc38551445f4ac068d5f89f5bf:6cc19705e7b39b96deecddd16df19941:21e37d97209970b57444d06f2d32a983$"
	}
}
